,PRECTOT,ALLSKY_SFC_SW_DWN,Date,DO,TKN,DP,Turb,Temp,Cyano
0,0.9,26.86,2008-07-07,6.84,0.7490000000000001,0.07,17.7,25.4,7884
1,0.01,20.81,2005-03-16,11.31,0.772,0.015,11.1,8.5,1966
2,0.0,10.94,2014-01-15,13.22,0.595,0.08,11.5,1.0,2112
3,0.0,11.37,2014-11-20,12.65,0.667,0.015,5.5,4.1,10203
4,0.03,19.97,2012-03-12,11.6,0.67,0.06,15.0,8.4,1
5,14.17,8.11,2013-04-09,9.93,0.6729999999999999,0.015,22.1,10.9,6879
6,0.0,10.69,2010-12-06,11.75,0.551,0.19,44.9,4.2,1
7,0.5,16.99,2007-05-08,7.68,0.753,0.044000000000000004,9.5,18.1,22
8,1.32,23.14,2009-08-05,5.77,0.591,0.08,14.5,25.1,5542
9,0.0,7.95,2010-01-12,12.6,0.713,0.08,6.7,0.8,1
10,2.99,11.54,2010-09-08,7.17,0.598,0.21,40.6,23.1,268
11,13.13,27.4,2007-05-31,6.77,0.912,0.114,20.5,21.3,18
12,0.0,24.66,2005-08-30,8.41,0.805,0.055,11.4,26.8,10699
13,0.0,14.24,2015-02-10,13.65,0.6970000000000001,0.015,2.4,3.1,790
14,0.0,16.0,2013-10-21,9.21,0.664,0.08,23.8,14.5,2892
15,0.0,8.75,2007-12-19,11.72,0.596,0.061,6.2,1.9,6811
16,0.0,20.92,2007-09-12,8.1,0.672,0.06,10.7,23.8,9120
17,0.0,27.18,2015-06-09,10.12,0.608,0.03,4.3,25.0,14313
18,0.02,13.1,2006-03-29,12.7,0.747,0.015,5.5,7.7,3803
19,0.1,26.5,2005-05-16,8.94,0.715,0.03,8.7,18.3,3237
20,0.0,23.91,2009-08-24,6.23,0.634,0.08,16.4,24.3,934
21,0.0,28.34,2012-05-16,7.82,0.542,0.09,25.2,20.5,1
22,0.18,25.74,2011-07-11,7.38,0.511,0.17,37.3,27.6,657
23,0.01,16.76,2009-02-25,12.21,0.6809999999999999,0.015,4.9,5.3,1880
24,3.13,20.15,2010-07-29,5.4,0.53,0.14,30.4,27.9,1
25,0.0,14.02,2011-11-01,9.19,0.61,0.16,35.6,13.0,3288
26,0.0,11.01,2013-01-15,13.24,0.496,0.015,4.0,1.0,32993
27,0.17,27.9,2004-07-15,6.48,0.72,0.03,13.0,26.1,2645
28,5.51,7.26,2009-03-09,11.79,0.621,0.015,8.2,6.4,22
29,0.0,20.4,2013-09-25,7.58,0.6559999999999999,0.07,26.6,21.4,4107
30,0.0,10.07,2009-12-16,11.57,0.5589999999999999,0.09,12.0,0.9,1
31,13.23,9.13,2008-10-15,8.47,0.654,0.05,26.2,16.9,6623
32,0.0,25.81,2007-08-15,6.82,0.6970000000000001,0.06,16.8,27.9,2634
33,0.01,17.44,2013-03-19,11.39,0.5870000000000001,0.015,14.5,7.2,1
34,0.0,24.01,2004-09-09,5.07,0.757,0.055999999999999994,27.0,23.3,987
35,1.41,17.99,2009-07-07,5.96,0.738,0.062,10.7,25.8,4412
36,0.01,11.48,2006-01-11,14.4,0.728,0.015,5.1,4.2,8920
37,0.0,23.14,2008-04-01,10.37,0.765,0.015,11.2,9.2,12490
38,0.84,29.7,2006-07-13,7.65,0.861,0.10300000000000001,10.5,25.4,3509
39,1.66,22.72,2004-08-12,7.62,0.685,0.033,23.1,24.8,930
40,0.0,14.15,2006-03-01,14.64,0.728,0.015,1.4,3.7,1463
41,0.08,21.37,2012-07-31,6.04,0.516,0.12,15.9,27.5,285
42,5.97,28.66,2008-06-18,6.01,0.841,0.05,23.5,23.5,1029
43,1.79,3.13,2013-02-12,11.96,0.529,0.015,7.1,4.7,56820
44,3.01,25.56,2003-07-28,10.15,1.236,0.052000000000000005,35.8,27.9,14271
45,0.0,19.14,2008-10-01,8.26,0.65,0.06,15.4,21.6,25661
46,0.0,29.63,2006-05-17,10.0,0.736,0.04,13.8,18.3,555
47,0.13,26.1,2005-06-29,5.84,0.635,0.071,26.7,25.1,914
48,0.0,13.39,2007-11-13,9.61,0.682,0.03,18.3,11.9,7788
49,0.0,7.2,2011-01-18,12.74,0.569,0.18,31.9,0.5,1
50,0.02,6.47,2014-02-19,13.78,0.557,0.07,9.0,1.6,1
51,0.0,28.68,2012-06-27,6.92,0.5479999999999999,0.1,25.2,25.4,7377
52,0.01,21.98,2010-03-22,11.57,0.816,0.015,16.1,5.8,1
53,0.0,8.14,2012-01-18,12.82,0.517,0.21,27.5,2.1,1
54,0.0,12.63,2009-02-02,15.16,0.745,0.04,6.9,0.7,8705
55,0.05,21.56,2011-04-11,9.42,0.79,0.13,67.3,14.4,1
56,0.02,15.62,2009-10-19,9.58,0.58,0.09,14.8,12.2,1
57,4.9,17.95,2008-09-02,7.43,0.722,0.06,13.4,25.1,7519
58,0.36,22.03,2003-07-07,7.98,0.7859999999999999,0.069,24.1,25.6,5326
59,7.63,26.91,2010-07-14,6.28,0.621,0.12,23.6,27.1,153
60,0.0,12.05,2013-11-18,10.68,0.606,0.04,20.5,9.3,5053
61,0.0,23.29,2004-04-08,9.57,0.715,0.03,38.9,14.6,16662
62,0.29,12.1,2008-08-18,5.36,0.604,0.09,14.5,24.6,12420
63,0.0,11.2,2013-01-23,13.13,0.556,0.015,3.6,2.1,24537
64,0.06,18.43,2009-09-02,6.64,0.64,0.061,15.1,23.2,951
65,0.0,13.53,2013-11-06,9.96,0.653,0.08,27.3,11.5,2489
66,0.0,12.55,2010-04-12,8.79,0.7959999999999999,0.06,12.8,14.1,1
67,0.09,3.3,2011-12-12,12.11,0.599,0.18,33.0,2.9,1
68,0.0,10.36,2012-12-11,11.3,0.589,0.09,16.7,5.7,1
69,0.02,19.74,2015-03-10,13.57,0.633,0.015,1.5,2.5,91
70,0.1,12.2,2007-04-09,10.63,0.8140000000000001,0.015,20.6,11.3,2921
71,2.88,6.06,2011-05-11,8.79,0.547,0.15,34.9,17.5,1
72,0.04,17.17,2009-09-16,6.54,0.494,0.079,15.5,22.0,6
73,0.47,12.7,2008-02-11,12.63,0.6679999999999999,0.03,2.6,1.9,28601
74,9.12,25.74,2013-08-06,7.83,0.643,0.1,22.4,26.0,17286
75,0.0,10.69,2006-12-12,10.4,0.9390000000000001,0.015,7.6,3.9,8377
76,0.01,25.31,2010-08-12,5.74,0.5770000000000001,0.15,30.8,28.6,133
77,1.89,23.73,2010-05-18,8.04,0.772,0.08,21.0,17.6,1
78,0.0,18.01,2010-03-03,16.95,1.0959999999999999,0.015,11.8,2.4,9
79,0.09,10.71,2012-11-13,10.01,0.636,0.11,25.7,10.9,1
80,1.53,3.35,2006-10-25,9.05,0.755,0.043,21.3,12.8,40922
81,0.69,14.47,2006-10-11,7.92,0.8170000000000001,0.015,19.0,17.1,100983
82,1.47,14.15,2011-03-14,11.6,0.537,0.15,18.2,5.2,1
83,0.06,25.34,2005-06-01,6.8,0.741,0.04,9.4,21.4,138
84,0.02,27.2,2010-06-17,6.75,0.424,0.09,16.5,24.8,166
85,0.0,22.02,2014-03-19,12.62,0.95,0.09,16.8,5.5,3232
86,0.02,16.38,2004-03-10,12.36,0.6509999999999999,0.015,19.5,6.4,412
87,0.55,22.69,2008-04-16,9.62,0.846,0.03,19.1,10.3,5892
88,0.1,7.59,2010-11-15,10.19,0.544,0.2,53.8,10.2,1
89,7.87,7.21,2010-03-10,13.83,0.915,0.015,13.4,5.7,1
90,0.0,21.78,2008-09-17,8.01,0.635,0.07,18.0,20.3,13698
91,0.04,12.85,2015-04-15,8.3,0.738,0.04,21.8,14.8,405
92,4.24,22.21,2007-08-28,6.68,0.701,0.08900000000000001,22.2,26.8,14652
93,3.94,22.07,2012-07-09,7.58,0.579,0.12,22.0,27.8,1860
94,0.0,25.95,2014-05-20,8.87,0.6779999999999999,0.05,18.1,17.9,2349
95,0.0,25.03,2010-08-26,6.47,0.5379999999999999,0.18,37.8,26.0,1
96,0.87,19.7,2009-06-09,6.41,0.669,0.09,23.0,22.1,107
97,0.66,16.34,2007-09-24,7.52,0.722,0.06,13.4,22.2,7625
98,0.15,20.21,2011-09-20,7.92,0.7020000000000001,0.22,31.9,19.4,1526
99,0.07,23.08,2011-08-30,5.46,0.461,0.26,32.0,25.7,128
100,0.0,24.54,2013-08-19,5.69,0.603,0.17,17.4,24.1,878
101,13.89,24.98,2006-07-26,7.68,0.763,0.031,9.9,26.8,11954
102,0.0,27.45,2013-06-06,7.17,0.688,0.08,25.5,21.3,1
103,0.24,27.43,2007-08-07,6.08,0.725,0.129,18.3,27.1,1127
104,0.0,20.69,2009-03-16,11.47,0.821,0.015,9.3,6.4,1701
105,0.96,15.84,2003-06-20,6.16,0.619,0.015,4.8,22.3,2934
106,0.0,27.57,2008-07-21,7.65,0.8270000000000001,0.08,19.6,26.3,9229
107,0.14,24.34,2011-08-15,5.3,0.583,0.23,30.3,26.4,2685
108,0.86,11.16,2009-11-23,9.7,0.552,0.08,15.1,9.7,27
109,0.0,10.37,2015-01-13,14.64,0.469,0.015,4.4,0.5,645
110,0.92,21.24,2005-07-13,8.2,0.924,0.057,17.3,26.8,25600
111,0.0,10.56,2013-12-12,13.29,0.545,0.04,15.8,0.3,248
112,0.0,28.8,2005-07-27,6.54,0.8059999999999999,0.094,22.6,25.7,26944
113,0.0,14.54,2005-10-27,8.94,0.743,0.015,14.5,14.5,1839
114,0.0,18.59,2011-10-04,7.41,0.667,0.19,33.6,18.4,280
115,0.0,5.79,2009-01-06,13.19,0.336,0.015,7.3,0.8,2141
116,0.01,7.99,2007-10-15,7.74,0.6829999999999999,0.04,22.2,18.9,10955
117,0.02,16.19,2010-02-17,16.71,1.0759999999999998,0.015,9.9,0.7,12
118,0.0,14.72,2007-10-29,8.7,0.67,0.064,19.5,14.0,8410
119,0.18,13.21,2003-02-10,14.42,0.556,0.015,1.6,1.2,2228
120,10.72,11.71,2009-04-29,7.96,0.836,0.05,20.7,14.9,362
121,0.01,28.89,2011-06-13,7.31,0.541,0.17,52.2,23.2,1
122,16.18,15.77,2007-07-09,7.03,0.737,0.155,21.0,25.6,643
123,0.0,15.8,2009-02-18,11.45,0.677,0.015,11.7,5.2,4010
124,0.18,17.25,2010-09-22,7.54,0.526,0.19,50.6,23.1,1
125,0.0,22.07,2002-08-07,5.91,0.59,0.09,11.6,27.0,48
126,0.24,17.27,2010-02-24,16.22,1.227,0.03,12.0,1.0,1
127,0.0,28.51,2004-05-05,9.4,0.645,0.033,20.9,16.1,84
128,0.0,10.48,2007-02-07,13.6,0.7120000000000001,0.038,3.5,2.5,3267
129,0.0,16.25,2012-10-16,9.15,0.631,0.12,22.2,15.7,6841
130,0.0,11.8,2014-10-28,8.68,0.5529999999999999,0.04,13.6,16.8,11406
131,9.26,23.15,2006-05-31,8.21,0.84,0.015,10.0,23.7,98382
132,0.0,28.19,2010-06-30,4.87,0.8390000000000001,0.11,21.0,26.7,1251
133,0.02,14.3,2012-02-14,12.63,0.54,0.13,19.2,1.8,1
134,0.0,27.76,2014-07-22,6.78,0.642,0.08,15.4,25.2,1249
135,0.0,22.39,2007-06-25,6.4,0.602,0.111,29.8,24.5,656
136,0.7,10.05,2009-05-27,8.07,0.7859999999999999,0.081,32.9,22.1,3824
137,0.0,11.28,2009-01-20,15.2,0.7959999999999999,0.015,8.5,0.9,6390
